ad-svgrepo-com.svg -> ad-svgrepo-com.svg
add-square-filled-svgrepo-com-1.svg -> add-square-filled-svgrepo-com-1.svg
add-square-svgrepo-com.svg -> add-square-svgrepo-com.svg
bag-2-svgrepo-com.svg -> bag-2-svgrepo-com.svg
birthday-cake-solid-svgrepo-com.svg -> birthday-cake-solid-svgrepo-com.svg
briefcase-svgrepo-com.svg -> briefcase-svgrepo-com.svg
brush-1-svgrepo-com.svg -> brush-1-svgrepo-com.svg
bubble-svgrepo-com.svg -> bubble-svgrepo-com.svg
calendar-svgrepo-com.svg -> calendar-svgrepo-com.svg
call-svgrepo-com.svg -> call-svgrepo-com.svg
camera-svgrepo-com.svg -> camera-svgrepo-com.svg
clock-1-svgrepo-com.svg -> clock-1-svgrepo-com.svg
danger-svgrepo-com.svg -> danger-svgrepo-com.svg
direct-normal-filled-svgrepo-com-1.svg -> direct-normal-filled-svgrepo-com-1.svg
direct-normal-svgrepo-com.svg -> direct-normal-svgrepo-com.svg
direct-right-svgrepo-com.svg -> direct-right-svgrepo-com.svg
discover-filled-svgrepo-com-1.svg -> discover-filled-svgrepo-com-1.svg
document-1-svgrepo-com.svg -> document-1-svgrepo-com.svg
eraser-1-svgrepo-com.svg -> eraser-1-svgrepo-com.svg
eye-slash-svgrepo-com.svg -> eye-slash-svgrepo-com.svg
eye-svgrepo-com.svg -> eye-svgrepo-com.svg
flag-svgrepo-com.svg -> flag-svgrepo-com.svg
gallery-svgrepo-com-1.svg -> gallery-svgrepo-com-1.svg
gender-female-svgrepo-com.svg -> gender-female-svgrepo-com.svg
gender-fluid-flag-svgrepo-com.svg -> gender-fluid-flag-svgrepo-com.svg
gender-intersex-bold-svgrepo-com.svg -> gender-intersex-bold-svgrepo-com.svg
gender-male-svgrepo-com.svg -> gender-male-svgrepo-com.svg
gender-nonbinary-bold-svgrepo-com.svg -> gender-nonbinary-bold-svgrepo-com.svg
gender-nonbinary-fill-svgrepo-com-1.svg -> gender-nonbinary-fill-svgrepo-com-1.svg
gender-nonbinary-fill-svgrepo-com.svg -> gender-nonbinary-fill-svgrepo-com.svg
gender-queer-flag-svgrepo-com.svg -> gender-queer-flag-svgrepo-com.svg
gender-trans-svgrepo-com.svg -> gender-trans-svgrepo-com.svg
gender-transgender-bold-svgrepo-com.svg -> gender-transgender-bold-svgrepo-com.svg
ghost-svgrepo-com.svg -> ghost-svgrepo-com.svg
gift-svgrepo-com.svg -> gift-svgrepo-com.svg
grid-3-filled-svgrepo-com-1.svg -> grid-3-filled-svgrepo-com-1.svg
grid-3-svgrepo-com.svg -> grid-3-svgrepo-com.svg
group-svgrepo-com.svg -> group-svgrepo-com.svg
heart-filled-svgrepo-com-1.svg -> heart-filled-svgrepo-com-1.svg
heart-svgrepo-com.svg -> heart-svgrepo-com.svg
home-2-filled-svgrepo-com-1.svg -> home-2-filled-svgrepo-com-1.svg
home-2-svgrepo-com.svg -> home-2-svgrepo-com.svg
home-svgrepo-com-1.svg -> home-svgrepo-com-1.svg
info-circle-svgrepo-com.svg -> info-circle-svgrepo-com.svg
information-svgrepo-com.svg -> information-svgrepo-com.svg
lamp-on-svgrepo-com.svg -> lamp-on-svgrepo-com.svg
language-square-svgrepo-com.svg -> language-square-svgrepo-com.svg
like-1-filled-svgrepo-com-1.svg -> like-1-filled-svgrepo-com-1.svg
like-1-svgrepo-com.svg -> like-1-svgrepo-com.svg
link-1-svgrepo-com.svg -> link-1-svgrepo-com.svg
live-svgrepo-com.svg -> live-svgrepo-com.svg
location-svgrepo-com.svg -> location-svgrepo-com.svg
magicpen-svgrepo-com.svg -> magicpen-svgrepo-com.svg
menu-svgrepo-com.svg -> menu-svgrepo-com.svg
microphone-svgrepo-com.svg -> microphone-svgrepo-com.svg
moon-filled-svgrepo-com-1.svg -> moon-filled-svgrepo-com-1.svg
moon-svgrepo-com.svg -> moon-svgrepo-com.svg
more-circle-svgrepo-com.svg -> more-circle-svgrepo-com.svg
music-library-2-svgrepo-com.svg -> music-library-2-svgrepo-com.svg
music-svgrepo-com.svg -> music-svgrepo-com.svg
non-binary-flag-icon-svgrepo-com.svg -> non-binary-flag-icon-svgrepo-com.svg
notifications-filled-svgrepo-com-1.svg -> notifications-filled-svgrepo-com-1.svg
notifications-svgrepo-com-1.svg -> notifications-svgrepo-com-1.svg
personalcard-svgrepo-com.svg -> personalcard-svgrepo-com.svg
profile-circle-filled-svgrepo-com-1.svg -> profile-circle-filled-svgrepo-com-1.svg
profile-circle-svgrepo-com.svg -> profile-circle-svgrepo-com.svg
profile-svgrepo-com.svg -> profile-svgrepo-com.svg
send-1-filled-svgrepo-com-1.svg -> send-1-filled-svgrepo-com-1.svg
send-1-svgrepo-com.svg -> send-1-svgrepo-com.svg
setting-svgrepo-com.svg -> setting-svgrepo-com.svg
shop-svgrepo-com.svg -> shop-svgrepo-com.svg
simcard-1-svgrepo-com.svg -> simcard-1-svgrepo-com.svg
sms-svgrepo-com-1.svg -> sms-svgrepo-com-1.svg
story-svgrepo-com.svg -> story-svgrepo-com.svg
sun-1-filled-svgrepo-com-1.svg -> sun-1-filled-svgrepo-com-1.svg
sun-1-svgrepo-com.svg -> sun-1-svgrepo-com.svg
tag-cross-svgrepo-com.svg -> tag-cross-svgrepo-com.svg
ticket-svgrepo-com.svg -> ticket-svgrepo-com.svg
translate-svgrepo-com.svg -> translate-svgrepo-com.svg
user-add-svgrepo-com.svg -> user-add-svgrepo-com.svg
user-edit-svgrepo-com.svg -> user-edit-svgrepo-com.svg
user-minus-svgrepo-com.svg -> user-minus-svgrepo-com.svg
user-remove-svgrepo-com.svg -> user-remove-svgrepo-com.svg
verified-svgrepo-com.svg -> verified-svgrepo-com.svg
verifiedCheck-svgrepo-com-1.svg -> verifiedcheck-svgrepo-com-1.svg
verify-svgrepo-com.svg -> verify-svgrepo-com.svg
video-play-filled-svgrepo-com-1.svg -> video-play-filled-svgrepo-com-1.svg
video-play-svgrepo-com.svg -> video-play-svgrepo-com.svg
video-remove-svgrepo-com.svg -> video-remove-svgrepo-com.svg
video-square-filled-svgrepo-com-1.svg -> video-square-filled-svgrepo-com-1.svg
video-square-svgrepo-com.svg -> video-square-svgrepo-com.svg
